Name,Price,Brand
Airheads Green Apple 15.6g,5.92,airheads
Airheads Orange 15.6g,5.92,airheads
Airheads Strawberry 15.6g,5.92,airheads
Airheads Mini 4.83oz,21.08,airheads
CowTales Caramel Apple 28g,9.71,cowtales
CowTales Chocolate 28g,9.71,cowtales
Cowtales Strawberry 28g,9.71,cowtales
Cowtales Vanilla 28g,9.71,cowtales
Ferrara  Appleheads 23g,4.75,ferrara
Ferrara Boston Baked Beans 21g,4.75,ferrara
Ferrara Grapehead 23g,4.75,ferrara
Ferrara Lemonheads 23g,4.75,ferrara
Ferrara Jawbuster 21g,4.75,ferrara
125g cocktail classics,35.4,jelly-belly
600g gift box 50 assorted flavours,73.56,jelly-belly
300g Jewel Mix Bag,45.6,jelly-belly
300g Fruit Mix Bag,45.6,jelly-belly
300g Cocktail Mix Bag,45.6,jelly-belly
300g 50 Assorted Mix Mix Bag,45.6,jelly-belly
200g assorted gable gift box ,36,jelly-belly
200g sours gable gift box ,36,jelly-belly
200g Fruit mix gable gift box ,36,jelly-belly
200g cocktail classics gable gift box ,36,jelly-belly
200g jewel gable gift box ,36,jelly-belly
mini JB machine (sold empty),13.75,jelly-belly
Mr Jelly belly bean macine (sold empty),13.97,jelly-belly
 Mr JB Footballer,42,jelly-belly
200g 50 assorted bean tin,58.8,jelly-belly
200g Tub 30 assorted flavours,40.2,jelly-belly
49g Buttered popcorn box,34.32,jelly-belly
42g 'Bubbly' (sparkling wine flavour jelly bean),32.88,jelly-belly
Watermelon/tutti-frutti/ blueberry flavours,27,jelly-belly
Candy cane Very Cherry/Green Apple/Orange,27,jelly-belly
100g beanboozled spinner gift box,50.4,jelly-belly
99g Beanboozled Mystery Dispenser,57,jelly-belly
54g Beanboozled bag,34.08,jelly-belly
45g 4th Edition Beanboozled flip top box,60,jelly-belly
95g Beanboozled 4th edition spinner tin,58,jelly-belly
45g Minion flip top box,60,jelly-belly
54g Minions grab n' Go box,34.08,jelly-belly
95g Minions Edition spinner tin ,58,jelly-belly
85g Pet Gater,48,jelly-belly
85g Pet Rat,48,jelly-belly
49g Pet Dinosaur,64.8,jelly-belly
Sport beans 28g fruit punch,20.16,jelly-belly
Sport beans 28g orange,20.16,jelly-belly
Sport beans 28g lemon lime,20.16,jelly-belly
Sport beans 28g raspberry,20.16,jelly-belly
Sport beans 28g assorted ,20.16,jelly-belly
whirl pop 8cm diam assorted colours,52.2,jelly-belly
whirl pop 8cm diam rainbow coloured,52.2,jelly-belly
whirl pop 10cn diam assorted colours,61.92,jelly-belly
whirl pop 10cm diam rainbow coloured,61.92,jelly-belly
whirl pop 13cm diam assorted colours,77.4,jelly-belly
whirl pop 13cm diam rainbow coloured,77.4,jelly-belly
whirl pop 17cm diam assorted colours,64.08,jelly-belly
whirl pop 17 cm diam rainbow coloured,64.08,jelly-belly
unicorn pop 30cm long,72.72,jelly-belly
unicorn pop 46cm long,50.04,jelly-belly
round smile pops 8cm yellow,20.88,jelly-belly
Candy Canes cola,34.4,jelly-belly
Candy Canes peppermint,34.4,jelly-belly
Candy Canes strawberry,34.4,jelly-belly
SMARTIES SQUEEZE CANDY 2.25oz ,14,airheads
AIRHEADS SOFT FILLED BITES PEG BAG ,18.82,airheads
AIRHEADS WATERMELON 15.6g ,5.92,airheads
AIRHEADS WHITE MYSERY 15.6g,5.92,airheads
AIRHEADS BLUE RASPBERRY 15.6g ,5.92,airheads
AIRHEADS GRAPE 15.6g ,5.92,airheads
ARHEADS THEATRE BOX 93.6g ,10.38,airheads
AIRHEADS XTREMES SOUR BELTS RAINBOW ,15.09,airheads
RAZZLES SOUR CANDY GUM 40g ,19.86,others
RAZZLES TROPICAL CANDY GUM 40g X 24,19.86,others
RAZZLES ORIGINAL POUCH 40g ,19.86,others
RAZZLES FIZZLES ASSORTED 40g ,19.86,others
PRETZEL FLIPZ BIRTHDAY CAKE 5oz ,13.99,pretzel
PRETZEL FLIPZ WHITE CHOC FUDGE 144g ,26.53,pretzel
PRETZEL FLIPZ MILK CHOC 5oz ,13.99,pretzel
CHATANOOGA MOON PIE BANANA X 12,6.62,others
CHATANOOGA MOON PIE CHOCOLATE X 12,6.62,others
CHATANOOGA MOON PIE VANILLA ,6.62,others
BRACHS CANDY CORN 3.25oz ,7.02,others
HI CHEW FRUIT CHEW APPLE 1.76oz ,7.95,others
HI CHEW FRUIT CHEW MANGO 1.76oz ,7.95,others
HI CHEW FRUIT CHEW STRAWBERRY 1.76oz ,7.95,others
HI CHEW FRUIT CHEW BANANA 1.76oz ,7.95,others
HI CHEW FRUIT CHEW GRAPE 1.76oz ,7.95,others
PRINGLES LARGE CHEDDAR CHEESE 5.57oz ,25.83,others
PRINGLES LARGE JALAPENO 5.57oz X 14,25.83,others
PRINGLES LOADED BAKED POTATO 5.57oz X 14,25.83,others
PRINGLES LARGE HONEY MUSTARD 5.57oz ,25.83,others
PRINGLES SCREAMING DILL PICKLE 5.57oz ,25.83,others
RED VELVET CUPCAKE BITES 3.1oz X 12,11.61,others
COOKIE DOUGH BITES CHOC CHIP X 12,11.61,others
COOKIE DOUGH CINNAMON BUN BITES ,11.61,others
COOKIE DOUGH BITES FUDGE BROWNIE ,11.61,others
COOKIE DOUGH BITES PEANUT BUTTER,11.61,others
COOKIE DOUGH COOKIES N CREAM ,11.61,others
COOKIE DOUGH BIRTHDAY CAKE 3.1oz ,11.61,others
TWIZZLERS RAINBOW TWISTS 12.4oz,29.12,twizzlers
TWIZZLERS STRAWBERRY TWISTS 70g ,13.53,twizzlers
TWIZZLERS CHERRY BITES 5oz ,12.31,twizzlers
CHARMS FLUFFY STUFF COTTON CANDY 71g ,21.38,others
HOSTESS BROWNIES MILKYWAY 6s,27.42,others
HOSTESS BROWNIES WITH M&M’s 6’s,27.42,others
M&M BITE SIZED COOKIES BAGS 51g X 30,13.95,m&m
OREO BROWNIE CREME FILLED X 12,12.15,oreo
OREO MINIS BAGS 3oz X 12,13.66,oreo
WHOPPERS ORIGINAL BIG BOX 141g X 12,13.25,others
WHOPPERS STRAWBERRY MILKSHAKE 114g X 12,11.69,others
WHOPPERS DINOSAUR EGGS 4oz ,14.45,others
HOT TAMALES BAG 51g ,16.12,others
HOT TAMALES CHANGEMAKER ORIG. 0.78oz ,4.72,others
JOLLY RANCHER HOTTIES HARD CANDY 6.5oz X 12,24.95,jolly-rancher
POP TART FROSTED BROWN SUGAR CINNAMON 8’s X 12,32.72,pop-tarts
POP TARTS COOKIE BROWNIE BATTER14.1OZ,32.7,pop-tarts
Airheads Cherry 15.6g,5.92,airheads
250g Gift Box 20 Assorted Flavours,53.39,Jelly-belly
357g 4th edition jumbo spinner,63.5,Jelly-belly
49g Pet Trantula,64.8,Jelly-belly
Candy Canes Sour Cherry,34.4,Jelly-belly
SWEDISH FISH TROPICAL T.BOX 3.5oz X 12,11.33,Swedish-fish
